{"[[' ', ' ', ' '], ['X', ' ', ' '], [' ', ' ', ' ']]": 1.7177381915061924, "[['X', ' ', 'O'], ['X', ' ', ' '], [' ', ' ', ' ']]": 1.7241379310220115, "[['X', ' ', 'O'], ['X', ' ', ' '], ['X', 'O', ' ']]": 1.7241379310220115, "[[' ', ' ', ' '], ['X', ' ', ' '], ['X', ' ', 'O']]": 0, "[[' ', 'O', ' '], ['X', 'X', ' '], ['X', ' ', 'O']]": 0, "[[' ', 'O', ' '], ['X', 'X', 'O'], ['X', 'X', 'O']]": 0, "[[' ', ' ', 'X'], ['X', ' ', ' '], [' ', ' ', 'O']]": 1.7241379310220115, "[[' ', ' ', 'X'], ['X', 'X', 'O'], [' ', ' ', 'O']]": 1.7241379310220115, "[[' ', 'O', 'X'], ['X', 'X', 'O'], ['X', ' ', 'O']]": 1.7241379310220115, "[[' ', ' ', ' '], [' ', ' ', ' '], [' ', ' ', 'X']]": 1.7177381915061924, "[[' ', ' ', ' '], [' ', ' ', ' '], ['X', 'O', 'X']]": 1.644612006528277, "[[' ', ' ', ' '], [' ', 'X', 'O'], ['X', 'O', 'X']]": 1.644612006528277, "[[' ', ' ', 'X'], ['O', 'X', 'O'], ['X', 'O', 'X']]": 1.644612006528277, "[[' ', ' ', ' '], [' ', ' ', ' '], [' ', 'X', ' ']]": 1.7241376688852448, "[[' ', ' ', ' '], [' ', ' ', ' '], ['X', 'X', 'O']]": 1.644612006528277, "[[' ', ' ', ' '], [' ', 'X', 'O'], ['X', 'X', 'O']]": 1.644612006528277, "[[' ', ' ', 'X'], ['O', 'X', 'O'], ['X', 'X', 'O']]": 1.644612006528277, "[[' ', ' ', ' '], [' ', ' ', ' '], ['X', ' ', ' ']]": 1.7177381915061973, "[[' ', ' ', ' '], [' ', ' ', 'X'], ['X', ' ', 'O']]": 1.644612006528277, "[[' ', ' ', ' '], [' ', 'X', 'X'], ['X', 'O', 'O']]": 1.644612006528277, "[[' ', ' ', 'X'], ['O', 'X', 'X'], ['X', 'O', 'O']]": 1.644612006528277, "[[' ', ' ', ' '], [' ', ' ', 'X'], [' ', ' ', ' ']]": 1.7177381916198573, "[[' ', ' ', ' '], [' ', ' ', 'X'], [' ', 'X', 'O']]": 1.644612006528277, "[[' ', ' ', ' '], [' ', 'X', 'X'], ['O', 'X', 'O']]": 1.644612006528277, "[[' ', ' ', 'X'], ['O', 'X', 'X'], ['O', 'X', 'O']]": 1.644612006528277, "[['X', 'O', 'X'], ['O', 'X', 'X'], ['O', 'X', 'O']]": 1.644612006528277, "[[' ', ' ', ' '], [' ', 'X', ' '], [' ', ' ', ' ']]": 1.7177409651124387, "[[' ', ' ', ' '], [' ', 'X', ' '], [' ', 'X', 'O']]": 1.644612006528277, "[[' ', ' ', ' '], ['X', 'X', ' '], ['O', 'X', 'O']]": 1.644612006528277, "[[' ', ' ', 'X'], ['X', 'X', 'O'], ['O', 'X', 'O']]": 1.644612006528277, "[['X', 'O', 'X'], ['X', 'X', 'O'], ['O', 'X', 'O']]": 1.644612006528277, "[[' ', ' ', 'X'], [' ', ' ', ' '], [' ', ' ', ' ']]": 1.7177758570691675, "[[' ', ' ', 'X'], [' ', ' ', ' '], [' ', 'X', 'O']]": 1.6446120065282765, "[[' ', ' ', 'X'], [' ', ' ', 'X'], ['O', 'X', 'O']]": 1.6446120065282765, "[[' ', ' ', 'X'], ['X', 'O', 'X'], ['O', 'X', 'O']]": 1.6446120065282765, "[['X', 'O', 'X'], ['X', 'O', 'X'], ['O', 'X', 'O']]": 1.6446120065282765, "[[' ', 'X', ' '], [' ', ' ', ' '], [' ', ' ', ' ']]": 1.6446120065282726, "[[' ', 'X', ' '], [' ', ' ', ' '], [' ', 'X', 'O']]": 1.6446120065282726, "[[' ', 'X', ' '], [' ', ' ', 'X'], ['O', 'X', 'O']]": 1.6446120065282726, "[[' ', 'X', ' '], ['X', 'O', 'X'], ['O', 'X', 'O']]": 1.6446120065282726, "[['X', ' ', ' '], [' ', ' ', ' '], [' ', ' ', ' ']]": 1.6446120065282268, "[['X', ' ', ' '], [' ', ' ', ' '], [' ', 'X', 'O']]": 1.6446120065282268, "[['X', ' ', ' '], [' ', ' ', 'X'], ['O', 'X', 'O']]": 1.6446120065282268, "[['X', ' ', ' '], ['X', 'O', 'X'], ['O', 'X', 'O']]": 1.6446120065282268, "[[' ', ' ', ' '], ['X', ' ', ' '], [' ', 'O', 'X']]": 1.6446120065277232, "[[' ', ' ', ' '], ['X', ' ', 'X'], ['O', 'O', 'X']]": 1.6446120065277232, "[[' ', ' ', 'X'], ['X', 'O', 'X'], ['O', 'O', 'X']]": 1.6446120065277232, "[[' ', ' ', ' '], ['X', ' ', ' '], ['O', ' ', 'X']]": 1.6446120065201404, "[[' ', ' ', ' '], ['X', ' ', 'O'], ['O', 'X', 'X']]": 1.6446120065201404, "[[' ', ' ', 'X'], ['X', 'O', 'O'], ['O', 'X', 'X']]": 1.6446120065201404, "[['X', 'O', 'X'], ['X', 'O', 'O'], ['O', 'X', 'X']]": 1.6446120065201404, "[[' ', ' ', ' '], [' ', ' ', ' '], ['O', 'X', 'X']]": 1.6446120064253549, "[[' ', ' ', ' '], [' ', 'X', 'O'], ['O', 'X', 'X']]": 1.6446120064253549, "[[' ', ' ', 'X'], ['O', 'X', 'O'], ['O', 'X', 'X']]": 1.6446120064253549, "[['X', 'O', 'X'], ['O', 'X', 'O'], ['O', 'X', 'X']]": 1.6446120064253549, "[[' ', ' ', ' '], [' ', ' ', 'X'], ['O', 'X', ' ']]": 1.644612005441863, "[[' ', ' ', ' '], [' ', 'O', 'X'], ['O', 'X', 'X']]": 1.644612005441863, "[[' ', ' ', 'X'], ['O', 'O', 'X'], ['O', 'X', 'X']]": 1.644612005441863, "[[' ', ' ', ' '], [' ', ' ', 'O'], [' ', 'X', 'X']]": 1.6446119914704918, "[[' ', ' ', ' '], [' ', 'O', 'O'], ['X', 'X', 'X']]": 1.6446119914704918, "[[' ', ' ', ' '], [' ', 'O', ' '], [' ', 'X', 'X']]": 1.644611795856831, "[[' ', ' ', ' '], ['X', 'O', ' '], ['O', 'X', 'X']]": 1.644611795856831, "[[' ', ' ', ' '], [' ', ' ', 'X'], ['X', 'O', ' ']]": 1.6446098749740725, "[[' ', ' ', ' '], [' ', 'O', 'X'], ['X', 'O', 'X']]": 1.6446098749740725, "[[' ', ' ', 'X'], ['O', 'O', 'X'], ['X', 'O', 'X']]": 1.6446098749740725, "[[' ', ' ', ' '], ['O', ' ', ' '], [' ', 'X', 'X']]": 1.6445793103395898, "[[' ', ' ', ' '], ['O', ' ', 'X'], ['O', 'X', 'X']]": 1.6445793103395898, "[[' ', ' ', 'O'], ['O', 'X', 'X'], ['O', 'X', 'X']]": 1.6445793103395898, "[['X', 'O', 'O'], ['O', 'X', 'X'], ['O', 'X', 'X']]": 1.6445793103395898, "[[' ', ' ', ' '], [' ', ' ', 'X'], [' ', 'O', 'X']]": 1.644279172408558, "[[' ', ' ', ' '], [' ', 'X', 'X'], ['O', 'O', 'X']]": 1.644279172408558, "[[' ', ' ', 'X'], ['O', 'X', 'X'], ['O', 'O', 'X']]": 1.644279172408558, "[[' ', ' ', 'O'], [' ', ' ', ' '], [' ', 'X', 'X']]": 1.6395034482706579, "[[' ', ' ', 'O'], [' ', ' ', 'X'], ['O', 'X', 'X']]": 1.6395034482706579, "[[' ', ' ', ' '], [' ', 'X', ' '], [' ', 'O', 'X']]": 1.5862068965469054, "[[' ', ' ', ' '], ['X', 'X', ' '], ['O', 'O', 'X']]": 1.5862068965469054, "[[' ', ' ', 'X'], ['X', 'X', 'O'], ['O', 'O', 'X']]": 1.5862068965469054, "[['X', 'O', 'X'], ['X', 'X', 'O'], ['O', 'O', 'X']]": 1.5862068965469054, "[[' ', ' ', 'X'], [' ', ' ', ' '], [' ', 'O', 'X']]": 1, "[[' ', ' ', 'X'], [' ', ' ', 'X'], ['O', 'O', 'X']]": 1}